Plugin ID,CVE,CVSS v2.0 Base Score,Risk,Host,Protocol,Port,Name,Synopsis,Description,Solution,See Also,Plugin Output,STIG Severity,CVSS v3.0 Base Score,CVSS v2.0 Temporal Score,CVSS v3.0 Temporal Score,VPR Score,Risk Factor,BID,XREF,MSKB,Plugin Publication Date,Plugin Modification Date,Metasploit,Core Impact,CANVAS
"10107","","","None","192.168.0.107","tcp","80","HTTP Server Type and Version","A web server is running on the remote host.","This plugin attempts to determine the type and the version of the
  remote web server.","n/a","","The remote web server type is :

Apache/2.2.8 (Ubuntu) PHP/5.2.4-2ubuntu5.6 with Suhosin-Patch","","","","","","None","","IAVT:0001-T-0931","","2000/01/04","2020/10/30","","",""
"10114","CVE-1999-0524","0.0","None","192.168.0.107","icmp","0","ICMP Timestamp Request Remote Date Disclosure","It is possible to determine the exact time set on the remote host.","The remote host answers to an ICMP timestamp request.  This allows an
attacker to know the date that is set on the targeted machine, which
may assist an unauthenticated, remote attacker in defeating time-based
authentication protocols.

Timestamps returned from machines running Windows Vista / 7 / 2008 /
2008 R2 are deliberately incorrect, but usually within 1000 seconds of
the actual system time.","Filter out the ICMP timestamp requests (13), and the outgoing ICMP
timestamp replies (14).","","The difference between the local and remote clocks is -19811 seconds.
","","0.0","","","","None","","CWE:200","","1999/08/01","2019/10/04","","",""
"10267","","","None","192.168.0.107","tcp","22","SSH Server Type and Version Information","An SSH server is listening on this port.","It is possible to obtain information about the remote SSH server by
sending an empty authentication request.","n/a","","
SSH version : SSH-2.0-OpenSSH_4.7p1 Debian-8ubuntu1.2
SSH supported authentication : publickey,password
","","","","","","None","","IAVT:0001-T-0933","","1999/10/12","2020/09/22","","",""
"10287","","","None","192.168.0.107","udp","0","Traceroute Information","It was possible to obtain traceroute information.","Makes a traceroute to the remote host.","n/a","","For your information, here is the traceroute from 192.168.0.103 to 192.168.0.107 : 
192.168.0.103
192.168.0.107

Hop Count: 1
","","","","","","None","","","","1999/11/27","2020/08/20","","",""
"10881","","","None","192.168.0.107","tcp","22","SSH Protocol Versions Supported","A SSH server is running on the remote host.","This plugin determines the versions of the SSH protocol supported by
the remote SSH daemon.","n/a","","The remote SSH daemon supports the following versions of the
SSH protocol :

  - 1.99
  - 2.0
","","","","","","None","","","","2002/03/06","2021/01/19","","",""
"11213","CVE-2003-1567","5.0","Medium","192.168.0.107","tcp","80","HTTP TRACE / TRACK Methods Allowed","Debugging functions are enabled on the remote web server.","The remote web server supports the TRACE and/or TRACK methods. TRACE
and TRACK are HTTP methods that are used to debug web server
connections.","Disable these HTTP methods. Refer to the plugin output for more information.","https://www.cgisecurity.com/whitehat-mirror/WH-WhitePaper_XST_ebook.pdf
http://www.apacheweek.com/issues/03-01-24
https://download.oracle.com/sunalerts/1000718.1.html","
To disable these methods, add the following lines for each virtual
host in your configuration file :

    RewriteEngine on
    RewriteCond %{REQUEST_METHOD} ^(TRACE|TRACK)
    RewriteRule .* - [F]

Alternatively, note that Apache versions 1.3.34, 2.0.55, and 2.2
support disabling the TRACE method natively via the 'TraceEnable'
directive.

Nessus sent the following TRACE request : 

------------------------------ snip ------------------------------
TRACE /Nessus1099724972.html HTTP/1.1
Connection: Close
Host: 192.168.0.107
Pragma: no-cache
User-Agent: Mozilla/4.0 (compatible; MSIE 8.0; Windows NT 5.1; Trident/4.0)
Accept: image/gif, image/x-xbitmap, image/jpeg, image/pjpeg, image/png, */*
Accept-Language: en
Accept-Charset: iso-8859-1,*,utf-8

------------------------------ snip ------------------------------

and received the following response from the remote server :

------------------------------ snip ------------------------------
HTTP/1.1 200 OK
Date: Fri, 21 Apr 2023 14:56:59 GMT
Server: Apache/2.2.8 (Ubuntu) PHP/5.2.4-2ubuntu5.6 with Suhosin-Patch
Keep-Alive: timeout=15, max=100
Connection: Keep-Alive
Transfer-Encoding: chunked
Content-Type: message/http


TRACE /Nessus1099724972.html HTTP/1.1
Connection: Keep-Alive
Host: 192.168.0.107
Pragma: no-cache
User-Agent: Mozilla/4.0 (compatible; MSIE 8.0; Windows NT 5.1; Trident/4.0)
Accept: image/gif, image/x-xbitmap, image/jpeg, image/pjpeg, image/png, */*
Accept-Language: en
Accept-Charset: iso-8859-1,*,utf-8

------------------------------ snip ------------------------------
","","5.3","3.7","4.6","4.0","Medium","9506;9561;11604;33374;37995","CERT:288308;CERT:867593;CWE:16;CWE:200","","2003/01/23","2020/06/12","","",""
"11213","CVE-2004-2320","5.0","Medium","192.168.0.107","tcp","80","HTTP TRACE / TRACK Methods Allowed","Debugging functions are enabled on the remote web server.","The remote web server supports the TRACE and/or TRACK methods. TRACE
and TRACK are HTTP methods that are used to debug web server
connections.","Disable these HTTP methods. Refer to the plugin output for more information.","https://www.cgisecurity.com/whitehat-mirror/WH-WhitePaper_XST_ebook.pdf
http://www.apacheweek.com/issues/03-01-24
https://download.oracle.com/sunalerts/1000718.1.html","
To disable these methods, add the following lines for each virtual
host in your configuration file :

    RewriteEngine on
    RewriteCond %{REQUEST_METHOD} ^(TRACE|TRACK)
    RewriteRule .* - [F]

Alternatively, note that Apache versions 1.3.34, 2.0.55, and 2.2
support disabling the TRACE method natively via the 'TraceEnable'
directive.

Nessus sent the following TRACE request : 

------------------------------ snip ------------------------------
TRACE /Nessus1099724972.html HTTP/1.1
Connection: Close
Host: 192.168.0.107
Pragma: no-cache
User-Agent: Mozilla/4.0 (compatible; MSIE 8.0; Windows NT 5.1; Trident/4.0)
Accept: image/gif, image/x-xbitmap, image/jpeg, image/pjpeg, image/png, */*
Accept-Language: en
Accept-Charset: iso-8859-1,*,utf-8

------------------------------ snip ------------------------------

and received the following response from the remote server :

------------------------------ snip ------------------------------
HTTP/1.1 200 OK
Date: Fri, 21 Apr 2023 14:56:59 GMT
Server: Apache/2.2.8 (Ubuntu) PHP/5.2.4-2ubuntu5.6 with Suhosin-Patch
Keep-Alive: timeout=15, max=100
Connection: Keep-Alive
Transfer-Encoding: chunked
Content-Type: message/http


TRACE /Nessus1099724972.html HTTP/1.1
Connection: Keep-Alive
Host: 192.168.0.107
Pragma: no-cache
User-Agent: Mozilla/4.0 (compatible; MSIE 8.0; Windows NT 5.1; Trident/4.0)
Accept: image/gif, image/x-xbitmap, image/jpeg, image/pjpeg, image/png, */*
Accept-Language: en
Accept-Charset: iso-8859-1,*,utf-8

------------------------------ snip ------------------------------
","","5.3","3.7","4.6","4.0","Medium","9506;9561;11604;33374;37995","CERT:288308;CERT:867593;CWE:16;CWE:200","","2003/01/23","2020/06/12","","",""
"11213","CVE-2010-0386","5.0","Medium","192.168.0.107","tcp","80","HTTP TRACE / TRACK Methods Allowed","Debugging functions are enabled on the remote web server.","The remote web server supports the TRACE and/or TRACK methods. TRACE
and TRACK are HTTP methods that are used to debug web server
connections.","Disable these HTTP methods. Refer to the plugin output for more information.","https://www.cgisecurity.com/whitehat-mirror/WH-WhitePaper_XST_ebook.pdf
http://www.apacheweek.com/issues/03-01-24
https://download.oracle.com/sunalerts/1000718.1.html","
To disable these methods, add the following lines for each virtual
host in your configuration file :

    RewriteEngine on
    RewriteCond %{REQUEST_METHOD} ^(TRACE|TRACK)
    RewriteRule .* - [F]

Alternatively, note that Apache versions 1.3.34, 2.0.55, and 2.2
support disabling the TRACE method natively via the 'TraceEnable'
directive.

Nessus sent the following TRACE request : 

------------------------------ snip ------------------------------
TRACE /Nessus1099724972.html HTTP/1.1
Connection: Close
Host: 192.168.0.107
Pragma: no-cache
User-Agent: Mozilla/4.0 (compatible; MSIE 8.0; Windows NT 5.1; Trident/4.0)
Accept: image/gif, image/x-xbitmap, image/jpeg, image/pjpeg, image/png, */*
Accept-Language: en
Accept-Charset: iso-8859-1,*,utf-8

------------------------------ snip ------------------------------

and received the following response from the remote server :

------------------------------ snip ------------------------------
HTTP/1.1 200 OK
Date: Fri, 21 Apr 2023 14:56:59 GMT
Server: Apache/2.2.8 (Ubuntu) PHP/5.2.4-2ubuntu5.6 with Suhosin-Patch
Keep-Alive: timeout=15, max=100
Connection: Keep-Alive
Transfer-Encoding: chunked
Content-Type: message/http


TRACE /Nessus1099724972.html HTTP/1.1
Connection: Keep-Alive
Host: 192.168.0.107
Pragma: no-cache
User-Agent: Mozilla/4.0 (compatible; MSIE 8.0; Windows NT 5.1; Trident/4.0)
Accept: image/gif, image/x-xbitmap, image/jpeg, image/pjpeg, image/png, */*
Accept-Language: en
Accept-Charset: iso-8859-1,*,utf-8

------------------------------ snip ------------------------------
","","5.3","3.7","4.6","4.0","Medium","9506;9561;11604;33374;37995","CERT:288308;CERT:867593;CWE:16;CWE:200","","2003/01/23","2020/06/12","","",""
"11219","","","None","192.168.0.107","tcp","22","Nessus SYN scanner","It is possible to determine which TCP ports are open.","This plugin is a SYN 'half-open' port scanner.  It shall be reasonably
quick even against a firewalled target. 

Note that SYN scans are less intrusive than TCP (full connect) scans
against broken services, but they might cause problems for less robust
firewalls and also leave unclosed connections on the remote target, if
the network is loaded.","Protect your target with an IP filter.","","Port 22/tcp was found to be open","","","","","","None","","","","2009/02/04","2023/03/08","","",""
"11219","","","None","192.168.0.107","tcp","80","Nessus SYN scanner","It is possible to determine which TCP ports are open.","This plugin is a SYN 'half-open' port scanner.  It shall be reasonably
quick even against a firewalled target. 

Note that SYN scans are less intrusive than TCP (full connect) scans
against broken services, but they might cause problems for less robust
firewalls and also leave unclosed connections on the remote target, if
the network is loaded.","Protect your target with an IP filter.","","Port 80/tcp was found to be open","","","","","","None","","","","2009/02/04","2023/03/08","","",""
"11936","","","None","192.168.0.107","tcp","0","OS Identification","It is possible to guess the remote operating system.","Using a combination of remote probes (e.g., TCP/IP, SMB, HTTP, NTP,
SNMP, etc.), it is possible to guess the name of the remote operating
system in use. It is also possible sometimes to guess the version of
the operating system.","n/a","","
Remote operating system : Linux Kernel 2.6 on Ubuntu 8.04 (gutsy)
Confidence level : 95
Method : HTTP

 
The remote host is running Linux Kernel 2.6 on Ubuntu 8.04 (gutsy)","","","","","","None","","","","2003/12/09","2022/03/09","","",""
"18261","","","None","192.168.0.107","tcp","0","Apache Banner Linux Distribution Disclosure","The name of the Linux distribution running on the remote host was
found in the banner of the web server.","Nessus was able to extract the banner of the Apache web server and
determine which Linux distribution the remote host is running.","If you do not wish to display this information, edit 'httpd.conf' and
set the directive 'ServerTokens Prod' and restart Apache.","","
The Linux distribution detected was : 
 - Ubuntu 8.04 (gutsy)
","","","","","","None","","","","2005/05/15","2022/03/21","","",""
"19506","","","None","192.168.0.107","tcp","0","Nessus Scan Information","This plugin displays information about the Nessus scan.","This plugin displays, for each tested host, information about the
scan itself :

  - The version of the plugin set.
  - The type of scanner (Nessus or Nessus Home).
  - The version of the Nessus Engine.
  - The port scanner(s) used.
  - The port range scanned.
  - The ping round trip time 
  - Whether credentialed or third-party patch management
    checks are possible.
  - Whether the display of superseded patches is enabled
  - The date of the scan.
  - The duration of the scan.
  - The number of hosts scanned in parallel.
  - The number of checks done in parallel.","n/a","","Information about this scan : 

Nessus version : 10.5.1
Nessus build : 20008
Plugin feed version : 202304210603
Scanner edition used : Nessus Home
Scanner OS : LINUX
Scanner distribution : debian10-x86-64
Scan type : Normal
Scan name : Kioptrex level 3
Scan policy used : Basic Network Scan
Scanner IP : 192.168.0.103
Port scanner(s) : nessus_syn_scanner 
Port range : default
Ping RTT : 167.043 ms
Thorough tests : no
Experimental tests : no
Plugin debugging enabled : no
Paranoia level : 1
Report verbosity : 1
Safe checks : yes
Optimize the test : yes
Credentialed checks : no
Patch management checks : None
Display superseded patches : yes (supersedence plugin launched)
CGI scanning : disabled
Web application tests : disabled
Max hosts : 30
Max checks : 4
Recv timeout : 5
Backports : Detected
Allow post-scan editing : Yes
Scan Start Date : 2023/4/21 5:25 EDT
Scan duration : 451 sec
Scan for malware : no
","","","","","","None","","","","2005/08/26","2023/04/17","","",""
"20094","","","None","192.168.0.107","tcp","0","VMware Virtual Machine Detection","The remote host is a VMware virtual machine.","According to the MAC address of its network adapter, the remote host
is a VMware virtual machine.","Since it is physically accessible through the network, ensure that its
configuration matches your organization's security policy.","","
The remote host is a VMware virtual machine.
","","","","","","None","","","","2005/10/27","2019/12/11","","",""
"22964","","","None","192.168.0.107","tcp","22","Service Detection","The remote service could be identified.","Nessus was able to identify the remote service by its banner or by
looking at the error message it sends when it receives an HTTP
request.","n/a","","An SSH server is running on this port.","","","","","","None","","","","2007/08/19","2023/03/29","","",""
"22964","","","None","192.168.0.107","tcp","80","Service Detection","The remote service could be identified.","Nessus was able to identify the remote service by its banner or by
looking at the error message it sends when it receives an HTTP
request.","n/a","","A web server is running on this port.","","","","","","None","","","","2007/08/19","2023/03/29","","",""
"24260","","","None","192.168.0.107","tcp","80","HyperText Transfer Protocol (HTTP) Information","Some information about the remote HTTP configuration can be extracted.","This test gives some information about the remote HTTP protocol - the
version used, whether HTTP Keep-Alive and HTTP pipelining are enabled,
etc... 

This test is informational only and does not denote any security
problem.","n/a","","
Response Code : HTTP/1.1 200 OK

Protocol version : HTTP/1.1
SSL : no
Keep-Alive : yes
Options allowed : (Not implemented)
Headers :

  Date: Fri, 21 Apr 2023 14:57:08 GMT
  Server: Apache/2.2.8 (Ubuntu) PHP/5.2.4-2ubuntu5.6 with Suhosin-Patch
  X-Powered-By: PHP/5.2.4-2ubuntu5.6
  Expires: Thu, 19 Nov 1981 08:52:00 GMT
  Cache-Control: no-store, no-cache, must-revalidate, post-check=0, pre-check=0
  Pragma: no-cache
  Content-Length: 1819
  Keep-Alive: timeout=15, max=100
  Connection: Keep-Alive
  Content-Type: text/html
  
Response Body :

<!DOCTYPE html PUBLIC ""-//W3C//DTD XHTML 1.1//EN"" ""http://www.w3.org/TR/xhtml11/DTD/xhtml11.dtd"">
<html xmlns=""http://www.w3.org/1999/xhtml"" xml:lang=""en"" >
	<head>
		<meta http-equiv=""content-type"" content=""text/html; charset=utf-8"" />
  		<meta name=""description"" content=""Your Site Description"" />
  		<meta name=""keywords"" content=""LotusCMS"" />
		<meta name=""author"" content=""name of author - Manjeet Singh Sawhney   www.manjeetss.com"" />
		<link rel=""stylesheet"" type=""text/css"" href=""style/comps/grey/css/style.css"" media=""screen"" />
		<title>Ligoat Security - Got Goat? Security ...</title>
			</head>	
	<body>
		<div id=""main"">
			<div id=""header"">
				<div class=""companyname"">Ligoat Security</div>				
				<div id=""right"">
					
				</div>
			</div>
			<div id=""navbar"">
				<ul>
					<ul><li class='active'><a class='firstM' href='index.php?page=index'>Home</a></li><li><a class='normalM' href='index.php?system=Blog'>Blog</a></li><li><a class='lastM' href='index.php?system=Admin'>Login</a></li></ul>				</ul>
			</div>
			<div id=""maincontent"">
	          				<div class=""content"">
					<h1>Got Goat? Security ...</h1>
										<p>Got Goat? Security ...</p>
<p>We've revamped our website for the new release of the new gallery CMS we made. We are geared towards security...</p>
<p>We are so full of ourselves, we've put this on our dev-servers just to show how serious we are. Visit our blog section for more information on our new gallery system.</p>
<p>Or cut to the chase and see it <a href=""/gallery"">now!</a></p>				</div>
			</div>
			<div id=""footer"">
				<p>
					<!-- Leaving in my name and website link will be greatly appreciated in return for offering you this template for free. Thanking you in advance. -->
					&copy; 2011 Ligoat Security				
				</p>
			</div>
		</div>
	</body>
</html>","","","","","","None","","","","2007/01/30","2019/11/22","","",""
"25220","","","None","192.168.0.107","tcp","0","TCP/IP Timestamps Supported","The remote service implements TCP timestamps.","The remote host implements TCP timestamps, as defined by RFC1323.  A
side effect of this feature is that the uptime of the remote host can
sometimes be computed.","n/a","http://www.ietf.org/rfc/rfc1323.txt","","","","","","","None","","","","2007/05/16","2019/03/06","","",""
"33850","","10.0","Critical","192.168.0.107","tcp","0","Unix Operating System Unsupported Version Detection","The operating system running on the remote host is no longer
supported.","According to its self-reported version number, the Unix operating
system running on the remote host is no longer supported.

Lack of support implies that no new security patches for the product
will be released by the vendor. As a result, it is likely to contain
security vulnerabilities.","Upgrade to a version of the Unix operating system that is currently
supported.","","
Ubuntu 8.04 support ended on 2011-05-12 (Desktop) / 2013-05-09 (Server).
Upgrade to Ubuntu 21.04 / LTS 20.04 / LTS 18.04.

For more information, see : https://wiki.ubuntu.com/Releases

","","10.0","","","","Critical","","IAVA:0001-A-0502;IAVA:0001-A-0648","","2008/08/08","2023/04/18","","",""
"35716","","","None","192.168.0.107","tcp","0","Ethernet Card Manufacturer Detection","The manufacturer can be identified from the Ethernet OUI.","Each ethernet MAC address starts with a 24-bit Organizationally 
Unique Identifier (OUI). These OUIs are registered by IEEE.","n/a","https://standards.ieee.org/faqs/regauth.html
http://www.nessus.org/u?794673b4","
The following card manufacturers were identified :

00:0C:29:87:D9:8E : VMware, Inc.
","","","","","","None","","","","2009/02/19","2020/05/13","","",""
"39520","","","None","192.168.0.107","tcp","22","Backported Security Patch Detection (SSH)","Security patches are backported.","Security patches may have been 'backported' to the remote SSH server
without changing its version number. 

Banner-based checks have been disabled to avoid false positives. 

Note that this test is informational only and does not denote any
security problem.","n/a","https://access.redhat.com/security/updates/backporting/?sc_cid=3093","
Give Nessus credentials to perform local checks.
","","","","","","None","","","","2009/06/25","2015/07/07","","",""
"39521","","","None","192.168.0.107","tcp","80","Backported Security Patch Detection (WWW)","Security patches are backported.","Security patches may have been 'backported' to the remote HTTP server
without changing its version number.

Banner-based checks have been disabled to avoid false positives.

Note that this test is informational only and does not denote any
security problem.","n/a","https://access.redhat.com/security/updates/backporting/?sc_cid=3093","
Give Nessus credentials to perform local checks.
","","","","","","None","","","","2009/06/25","2015/07/07","","",""
"45590","","","None","192.168.0.107","tcp","0","Common Platform Enumeration (CPE)","It was possible to enumerate CPE names that matched on the remote
system.","By using information obtained from a Nessus scan, this plugin reports
CPE (Common Platform Enumeration) matches for various hardware and
software products found on a host. 

Note that if an official CPE is not available for the product, this
plugin computes the best possible CPE based on the information
available from the scan.","n/a","http://cpe.mitre.org/
https://nvd.nist.gov/products/cpe","
The remote operating system matched the following CPE : 

  cpe:/o:canonical:ubuntu_linux:8.04 -> Canonical Ubuntu Linux

Following application CPE's matched on the remote system : 

  cpe:/a:apache:http_server:2.2.8 -> Apache Software Foundation Apache HTTP Server
  cpe:/a:apache:http_server:2.2.99 -> Apache Software Foundation Apache HTTP Server
  cpe:/a:openbsd:openssh:4.7 -> OpenBSD OpenSSH
  cpe:/a:php:php:5.2.4 -> PHP PHP
  cpe:/a:php:php:5.2.4-2ubuntu5.6 -> PHP PHP
","","","","","","None","","","","2010/04/21","2023/03/08","","",""
"48204","","","None","192.168.0.107","tcp","80","Apache HTTP Server Version","It is possible to obtain the version number of the remote Apache HTTP
server.","The remote host is running the Apache HTTP Server, an open source web
server. It was possible to read the version number from the banner.","n/a","https://httpd.apache.org/","
  URL        : http://192.168.0.107/
  Version    : 2.2.99
  Source     : Server: Apache/2.2.8 (Ubuntu) PHP/5.2.4-2ubuntu5.6 with Suhosin-Patch
  backported : 1
  modules    : PHP/5.2.4-2ubuntu5.6 with Suhosin-Patch
  os         : ConvertedUbuntu
","","","","","","None","","IAVT:0001-T-0530","","2010/07/30","2022/09/08","","",""
"48243","","","None","192.168.0.107","tcp","80","PHP Version Detection","It was possible to obtain the version number of the remote PHP
installation.","Nessus was able to determine the version of PHP available on the
remote web server.","n/a","","
Nessus was able to identify the following PHP version information :

  Version : 5.2.4-2ubuntu5.6
  Source  : Server: Apache/2.2.8 (Ubuntu) PHP/5.2.4-2ubuntu5.6 with Suhosin-Patch
  Source  : X-Powered-By: PHP/5.2.4-2ubuntu5.6
","","","","","","None","","IAVT:0001-T-0936","","2010/08/04","2022/10/12","","",""
"54615","","","None","192.168.0.107","tcp","0","Device Type","It is possible to guess the remote device type.","Based on the remote operating system, it is possible to determine
what the remote system type is (eg: a printer, router, general-purpose
computer, etc).","n/a","","Remote device type : general-purpose
Confidence level : 95
","","","","","","None","","","","2011/05/23","2022/09/09","","",""
"70657","","","None","192.168.0.107","tcp","22","SSH Algorithms and Languages Supported","An SSH server is listening on this port.","This script detects which algorithms and languages are supported by
the remote service for encrypting communications.","n/a","","
Nessus negotiated the following encryption algorithm with the server : 

The server supports the following options for kex_algorithms : 

  diffie-hellman-group-exchange-sha1
  diffie-hellman-group-exchange-sha256
  diffie-hellman-group1-sha1
  diffie-hellman-group14-sha1

The server supports the following options for server_host_key_algorithms : 

  ssh-dss
  ssh-rsa

The server supports the following options for encryption_algorithms_client_to_server : 

  3des-cbc
  aes128-cbc
  aes128-ctr
  aes192-cbc
  aes192-ctr
  aes256-cbc
  aes256-ctr
  arcfour
  arcfour128
  arcfour256
  blowfish-cbc
  cast128-cbc
  rijndael-cbc@lysator.liu.se

The server supports the following options for encryption_algorithms_server_to_client : 

  3des-cbc
  aes128-cbc
  aes128-ctr
  aes192-cbc
  aes192-ctr
  aes256-cbc
  aes256-ctr
  arcfour
  arcfour128
  arcfour256
  blowfish-cbc
  cast128-cbc
  rijndael-cbc@lysator.liu.se

The server supports the following options for mac_algorithms_client_to_server : 

  hmac-md5
  hmac-md5-96
  hmac-ripemd160
  hmac-ripemd160@openssh.com
  hmac-sha1
  hmac-sha1-96
  umac-64@openssh.com

The server supports the following options for mac_algorithms_server_to_client : 

  hmac-md5
  hmac-md5-96
  hmac-ripemd160
  hmac-ripemd160@openssh.com
  hmac-sha1
  hmac-sha1-96
  umac-64@openssh.com

The server supports the following options for compression_algorithms_client_to_server : 

  none
  zlib@openssh.com

The server supports the following options for compression_algorithms_server_to_client : 

  none
  zlib@openssh.com
","","","","","","None","","","","2013/10/28","2017/08/28","","",""
"70658","CVE-2008-5161","2.6","Low","192.168.0.107","tcp","22","SSH Server CBC Mode Ciphers Enabled","The SSH server is configured to use Cipher Block Chaining.","The SSH server is configured to support Cipher Block Chaining (CBC)
encryption.  This may allow an attacker to recover the plaintext message
from the ciphertext. 

Note that this plugin only checks for the options of the SSH server and
does not check for vulnerable software versions.","Contact the vendor or consult product documentation to disable CBC mode
cipher encryption, and enable CTR or GCM cipher mode encryption.","","
The following client-to-server Cipher Block Chaining (CBC) algorithms
are supported : 

  3des-cbc
  aes128-cbc
  aes192-cbc
  aes256-cbc
  blowfish-cbc
  cast128-cbc
  rijndael-cbc@lysator.liu.se

The following server-to-client Cipher Block Chaining (CBC) algorithms
are supported : 

  3des-cbc
  aes128-cbc
  aes192-cbc
  aes256-cbc
  blowfish-cbc
  cast128-cbc
  rijndael-cbc@lysator.liu.se
","","","1.9","","2.5","Low","32319","CERT:958563;CWE:200","","2013/10/28","2018/07/30","","",""
"71049","","2.6","Low","192.168.0.107","tcp","22","SSH Weak MAC Algorithms Enabled","The remote SSH server is configured to allow MD5 and 96-bit MAC
algorithms.","The remote SSH server is configured to allow either MD5 or 96-bit MAC
algorithms, both of which are considered weak.

Note that this plugin only checks for the options of the SSH server,
and it does not check for vulnerable software versions.","Contact the vendor or consult product documentation to disable MD5 and
96-bit MAC algorithms.","","
The following client-to-server Message Authentication Code (MAC) algorithms
are supported : 

  hmac-md5
  hmac-md5-96
  hmac-sha1-96

The following server-to-client Message Authentication Code (MAC) algorithms
are supported : 

  hmac-md5
  hmac-md5-96
  hmac-sha1-96
","","","","","","Low","","","","2013/11/22","2016/12/14","","",""
"84574","","","None","192.168.0.107","tcp","80","Backported Security Patch Detection (PHP)","Security patches have been backported.","Security patches may have been 'backported' to the remote PHP install
without changing its version number.

Banner-based checks have been disabled to avoid false positives.

Note that this test is informational only and does not denote any
security problem.","n/a","https://access.redhat.com/security/updates/backporting/?sc_cid=3093","
Give Nessus credentials to perform local checks.
","","","","","","None","","","","2015/07/07","2022/04/11","","",""
"86420","","","None","192.168.0.107","tcp","0","Ethernet MAC Addresses","This plugin gathers MAC addresses from various sources and
consolidates them into a list.","This plugin gathers MAC addresses discovered from both remote probing
of the host (e.g. SNMP and Netbios) and from running local checks
(e.g. ifconfig). It then consolidates the MAC addresses into a single,
unique, and uniform list.","n/a","","The following is a consolidated list of detected MAC addresses:
  - 00:0C:29:87:D9:8E
","","","","","","None","","","","2015/10/16","2020/05/13","","",""
"90317","","4.3","Medium","192.168.0.107","tcp","22","SSH Weak Algorithms Supported","The remote SSH server is configured to allow weak encryption
algorithms or no algorithm at all.","Nessus has detected that the remote SSH server is configured to use
the Arcfour stream cipher or no cipher at all. RFC 4253 advises
against using Arcfour due to an issue with weak keys.","Contact the vendor or consult product documentation to remove the weak
ciphers.","https://tools.ietf.org/html/rfc4253#section-6.3","
The following weak server-to-client encryption algorithms are supported : 

  arcfour
  arcfour128
  arcfour256

The following weak client-to-server encryption algorithms are supported : 

  arcfour
  arcfour128
  arcfour256
","","","","","","Medium","","","","2016/04/04","2016/12/14","","",""
"110723","","","None","192.168.0.107","tcp","0","Target Credential Status by Authentication Protocol - No Credentials Provided","Nessus was able to find common ports used for local checks,
however, no credentials were provided in the scan policy.","Nessus was not able to successfully authenticate directly to the
remote target on an available authentication protocol. Nessus was
able to connect to the remote port and identify that the service
running on the port supports an authentication protocol, but Nessus
failed to authenticate to the remote service using the provided
credentials. There may have been a protocol failure that prevented
authentication from being attempted or all of the provided credentials
for the authentication protocol may be invalid. See plugin output for
error details.

Please note the following :

- This plugin reports per protocol, so it is possible for
  valid credentials to be provided for one protocol and not
  another. For example, authentication may succeed via SSH
  but fail via SMB, while no credentials were provided for
  an available SNMP service.

- Providing valid credentials for all available
  authentication protocols may improve scan coverage, but
  the value of successful authentication for a given
  protocol may vary from target to target depending upon
  what data (if any) is gathered from the target via that
  protocol. For example, successful authentication via SSH
  is more valuable for Linux targets than for Windows
  targets, and likewise successful authentication via SMB
  is more valuable for Windows targets than for Linux
  targets.","n/a","","SSH was detected on port 22 but no credentials were provided.
SSH local checks were not enabled.

","","","","","","None","","IAVB:0001-B-0504","","2018/06/27","2023/02/13","","",""
"117886","","","None","192.168.0.107","tcp","0","OS Security Patch Assessment Not Available","OS Security Patch Assessment is not available.","OS Security Patch Assessment is not available on the remote host.
This does not necessarily indicate a problem with the scan.
Credentials may not have been provided, OS security patch assessment
may not be supported for the target, the target may not have been
identified, or another issue may have occurred that prevented OS
security patch assessment from being available. See plugin output for
details.

This plugin reports non-failure information impacting the availability
of OS Security Patch Assessment. Failure information is reported by
plugin 21745 : 'OS Security Patch Assessment failed'.  If a target
host is not supported for OS Security Patch Assessment, plugin
110695 : 'OS Security Patch Assessment Checks Not Supported' will
report concurrently with this plugin.","n/a","","
The following issues were reported :

  - Plugin      : no_local_checks_credentials.nasl
    Plugin ID   : 110723
    Plugin Name : Target Credential Status by Authentication Protocol - No Credentials Provided
    Message     : 
Credentials were not provided for detected SSH service.
","","","","","","None","","IAVB:0001-B-0515","","2018/10/02","2021/07/12","","",""
"149334","","","None","192.168.0.107","tcp","22","SSH Password Authentication Accepted","The SSH server on the remote host accepts password authentication.","The SSH server on the remote host accepts password authentication.","n/a","https://tools.ietf.org/html/rfc4252#section-8","","","","","","","None","","","","2021/05/07","2021/05/07","","",""
"153588","","","None","192.168.0.107","tcp","22","SSH SHA-1 HMAC Algorithms Enabled","The remote SSH server is configured to enable SHA-1 HMAC algorithms.","The remote SSH server is configured to enable SHA-1 HMAC algorithms.

Although NIST has formally deprecated use of SHA-1 for digital signatures, SHA-1 is still considered secure for HMAC as
the security of HMAC does not rely on the underlying hash function being resistant to collisions.

Note that this plugin only checks for the options of the remote SSH server.","n/a","","
The following client-to-server SHA-1 Hash-based Message Authentication Code (HMAC) algorithms are supported : 

  hmac-sha1
  hmac-sha1-96

The following server-to-client SHA-1 Hash-based Message Authentication Code (HMAC) algorithms are supported : 

  hmac-sha1
  hmac-sha1-96
","","","","","","None","","","","2021/09/23","2022/04/05","","",""
"153953","","2.6","Low","192.168.0.107","tcp","22","SSH Weak Key Exchange Algorithms Enabled","The remote SSH server is configured to allow weak key exchange algorithms.","The remote SSH server is configured to allow key exchange algorithms which are considered weak.

This is based on the IETF draft document Key Exchange (KEX) Method Updates and Recommendations for Secure Shell (SSH)
draft-ietf-curdle-ssh-kex-sha2-20. Section 4 lists guidance on key exchange algorithms that SHOULD NOT and MUST NOT be
enabled. This includes:

  diffie-hellman-group-exchange-sha1

  diffie-hellman-group1-sha1

  gss-gex-sha1-*

  gss-group1-sha1-*

  gss-group14-sha1-*

  rsa1024-sha1

Note that this plugin only checks for the options of the SSH server, and it does not check for vulnerable software
versions.","Contact the vendor or consult product documentation to disable the weak algorithms.","http://www.nessus.org/u?b02d91cd
https://datatracker.ietf.org/doc/html/rfc8732","
The following weak key exchange algorithms are enabled : 

  diffie-hellman-group-exchange-sha1
  diffie-hellman-group1-sha1
","","3.7","","","","Low","","","","2021/10/13","2021/10/13","","",""
